{
  "timestamp": "2026-06-01T19:44:08.252Z",
  "preset": "large",
  "presetSpec": {
    "workspaceCount": 2,
    "projectCount": 5,
    "taskCount": 10000,
    "dependencyDensity": 0.05,
    "concurrency": 20
  },
  "metrics": {
    "inserts": {
      "total": 10000,
      "durationMs": 1425.18768,
      "insertsPerSec": 7016.61973390059
    },
    "reads": {
      "total": 11103,
      "durationMs": 8.314986999999974,
      "qps": 1335299.742501105
    }
  }
}