{
  "timestamp": "2026-06-01T19:43:36.147Z",
  "preset": "large",
  "presetSpec": {
    "workspaceCount": 2,
    "projectCount": 5,
    "taskCount": 10000,
    "dependencyDensity": 0.05,
    "concurrency": 20
  },
  "metrics": {
    "inserts": {
      "total": 10000,
      "durationMs": 1468.335517,
      "insertsPerSec": 6810.432550478175
    },
    "reads": {
      "total": 11103,
      "durationMs": 7.49255200000016,
      "qps": 1481871.5972875147
    }
  }
}