{
  "timestamp": "2026-06-02T07:20:20.275Z",
  "preset": "large",
  "presetSpec": {
    "workspaceCount": 2,
    "projectCount": 5,
    "taskCount": 10000,
    "dependencyDensity": 0.05,
    "concurrency": 20
  },
  "metrics": {
    "inserts": {
      "total": 10000,
      "durationMs": 465.122105,
      "insertsPerSec": 21499.73069974819
    },
    "reads": {
      "total": 11100,
      "durationMs": 2.234387999999967,
      "qps": 4967803.264249612
    }
  }
}