{
  "timestamp": "2026-06-01T19:43:33.402Z",
  "preset": "medium",
  "presetSpec": {
    "workspaceCount": 1,
    "projectCount": 2,
    "taskCount": 1000,
    "dependencyDensity": 0.2,
    "concurrency": 10
  },
  "metrics": {
    "inserts": {
      "total": 1000,
      "durationMs": 177.59990500000004,
      "insertsPerSec": 5630.6336425123645
    },
    "reads": {
      "total": 1103,
      "durationMs": 9.067218000000025,
      "qps": 121647.01455286471
    }
  }
}