{
  "timestamp": "2026-06-02T07:20:19.361Z",
  "preset": "medium",
  "presetSpec": {
    "workspaceCount": 1,
    "projectCount": 2,
    "taskCount": 1000,
    "dependencyDensity": 0.2,
    "concurrency": 10
  },
  "metrics": {
    "inserts": {
      "total": 1000,
      "durationMs": 69.33522199999999,
      "insertsPerSec": 14422.684043616391
    },
    "reads": {
      "total": 1100,
      "durationMs": 2.221636999999987,
      "qps": 495130.3925888912
    }
  }
}